id,First name,Last name
1,Jacob,Thebault-Spieker
2,Dakuo,Wang
3,Matthew,Bietz
4,Bryan,Seamaan
5,Mark,Whiting
6,Thomas,Olsson
7,Joel,Fischer
8,Rajan,Vaish
9,Aaron,Halfaker
10,Jenn,Thom
11,Helena,Mentis
12,Bridget,Kane
13,Naja,Holten Moller
14,Sanjay,Kairam
15,Andrea,Parker
16,Jessica,Pater
17,Nitesh,Goyal
18,Ana,Cristina Bicharra Garcia
19,John,Tang
20,Derrick,Cogburn
21,Yun,Huang
23,John,Carroll
24,Shion,Guha
25,Jason,Wiese
1,Brianna,Dym
2,Cecilia,Aragon
3,Julia,Bullard
4,Ruby,Davis
5,Nicole,Ellison
6,Megan,French
7,Eden,Litt
8,Penny,Trieu
9,Adam,Marcus
11,Cosmin,Munteanu
12,Katie,Shilton
13,Cleidson,de Souza
14,Claudia,Lopez
15,Francisco,Gutierrez
16,Laura,Gaytan-Lugo
17,Marcos,Borges
18,Kathleen,Pine
19,Gunnar,Ellingsen
20,Miria,Grisot
21,Henrik,Mucha
22,Carsten,Rocker
23,Corinna,Ogonowski
24,Martin,Stein
25,Sebastian,Robert
26,Lukas,Galla
27,Martin,Hill
28,Karla,Badillo-Urquiola
29,Yaxing,Yao
30,Oshrat,Ayalon
31,Bart,Knijnenburg
32,Xinru,Page
33,Eran,Toch
34,Yang,Wang
35,Pamela,Wisniewski
36,Juan,Fernando Maestre
37,Gabriela,Marcu
38,Patrick,Shih
39,Christoph,Lutz
40,Gemma,Newlands
41,Ann,Light
42,Nicole,Immorlica
43,Min,Kyung Lee
44,Taryn,Bipat
46,Mark,Zachry
47,Austin,Toombs
48,Laura,Devendorf
50,David,Nemer
51,Helena,Mentis
52,Laura,Forlano
53,Matti,Nelimarkka
54,Antti,Salovaara
55,Giulio,Jacucci
56,Louise,Barkhuus
57,Kenton,O'Hara
58,Sultan,Alharthi
59,Katta,Spiel
60,William,A. Hamilton
61,Elizabeth,Bonsignore
62,Zachary,Toups
63,Mark,Matthews
64,Sean,Munson
65,Michaelanne,Dye
66,Ari,Schlesinger
67,Marisol,Wong-Villacres
68,Rajesh,Veeraraghavan
69,Mary,Gray
70,Leah,Findlater
71,Jofish,Kaye
73,Astrid,Weber
74,Jean,Hardy
75,Dharma,Dailey
76,Susan,Wyche
