User Id,First name,Middle initial,Last name
1,Airi,,Lampinen
2,Moira,,McGregor
3,Rob,,Comber
4,Barry,,Brown
17,Marlo,,Häring
18,Wiebke,,Loosen
19,Walid,,Maalej
33,Zhicong,,Lu
34,Seongkook,,Heo
35,Daniel,J,Wigdor
49,Paul,,Grau
50,Babak,,Naderi
51,Juho,,Kim
65,Yubo,,Kou
66,Xinning,,Gui
81,Corey,Brian,Jackson
82,Kevin,,Crowston
83,Carsten,,Østerlund
97,Jialun,"""Aaron""",Jiang
98,Casey,,Fiesler
99,Jed,R.,Brubaker
113,Danaë,,Metaxa-Kakavouli
114,Paige,,Maas
115,Daniel,P,Aldrich
129,Ian,G,Johnson
130,Aare,,Puussaar
131,Jennifer,,Manuel
132,Peter,,Wright
145,Xipei,,Ren
146,Bin,,Yu
147,Yuan,,Lu
148,Aarnout,,Brombacher
161,Preeti,,Mudliar
177,EunJeong,,Cheon
178,Norman,Makoto,Su
193,Pardis,,Emami Naeini
194,Martin,,Degeling
195,Lujo,,Bauer
196,Richard,,Chow
197,Lorrie,,Cranor
198,Mohammad,Reza,Haghighat
199,Heather,,Patterson
209,Yu,,Wu
210,Brian,P,Bailey
225,Ryan,,Kelly
226,Daniel,,Gooch
227,Leon,,Watts
241,Ella,,Tallyn
242,Larissa,,Pschetz
243,Rory,,Gianni
244,Chris,,Speed
245,Chris,,Elsden
257,Adam,,Rule
258,Ian,,Drosos
259,Aurélien,,Tabard
260,James,,Hollan
273,Helena,,Tendedez
274,Maria Angela,MAF,Ferrario
275,Jon,,Whittle
289,Julien,,Casarin
290,Nicolas,,Pacqueriaud
291,Dominique,,Bechmann
305,Tianyi,,Li
306,Kurt,,Luther
307,Chris,,North
321,Tzu-Yang,,Wang
322,Ikkaku,,Kawaguchi
323,Hideaki,,Kuzuoka
324,Mai,,Otsuki
337,Nai-Ching,,Wang
338,David,,Hicks
353,Os,,Keyes
369,Evan,,Morgan
370,Lynda,,Webb
371,Kate,,Carter
372,Nigel,,Goddard
385,Josephine,,Lau
386,Benjamin,,Zimmerman
387,Florian,,Schaub
401,Alessandro,,Piscopo
402,Elena,,Simperl
417,Joey Chiao-Yin,,Hsiao
418,Tawanna,,Dillahunt
433,Noura,,Howell
434,John,,Chuang
435,Abigail,,DeKosnik
436,Greg,,Niemeyer
437,Kimiko,,Ryokai
449,Michael,A,DeVito
450,Ashley,Marie,Walker
451,Jeremy,,Birnholtz
465,Eureka,,Foong
466,Nicholas,,Vincent
467,Brent,,Hecht
468,Elizabeth,,Gerber
481,Morgan,G.,Ames
497,William,,Callaghan
498,Joslin,,Goh
499,Michael,,Mohareb
500,Andrew,,Lim
501,Edith,,Law
513,Samir,,Passi
514,Steven,,Jackson
529,Azra,,Ismail
530,Naveena,,Karusala
531,Neha,,Kumar
545,Sangkeun,,Park
546,Sujin,,Kwon
547,Uichin,,Lee
561,Amira,,Ghenai
562,Yelena,,Mejova
577,Thomas,,Neumayr
578,Hans-Christian,,Jetter
579,Mirjam,,Augstein
580,Judith,,Friedl
581,Thomas,,Luger
593,Zachary,L,Schmitt
594,Svetlana,,Yarosh
609,Joohee,,Choi
625,Jessica,,Vitak
626,Yuting,,Liao
627,Mega,,Subramaniam
628,Priya,,Kumar
641,Kai,,Lukoff
642,Taoxi,,Li
643,Yuan,,Zhuang
644,Brian,Y,Lim
657,Qianru,,Wang
658,Bin,,Guo
659,Yan,,Liu
660,Qi,,Han
661,Tong,,Xin
662,Zhiwen,,Yu
673,Natalie,,Stors
674,Sebastian,,Baltes
689,Laura,,Kocksch
690,Matthias,,Korn
691,Andreas,,Poller
692,Susann,,Wagenknecht
705,Pranav,,Gupta
706,Anita Williams,,Woolley
721,Oliver,L.,Haimson
737,Cody,,Buntain
738,Jungkyu Rhys,,Lim
753,Eunice,,Jun
754,Blue,Austen,Jo
755,Nigini,,Oliveira
756,Katharina,,Reinecke
769,Mingkun,,Gao
770,Ziang,,Xiao
771,Karrie,,Karahalios
772,Wai-Tat,,Fu
785,Arunesh,,Mathur
786,Arvind,,Narayanan
787,Marshini,,Chetty
801,Silvia,,Lindtner
802,Shaowen,,Bardzell
803,Jeffrey,,Bardzell
817,Xiaojuan,,Ma
819,Jiayue,,Fan
820,Mingqian,,Zhao
821,Yunan,,Chen
822,Kai,,Zheng
849,Mona,,Emara
850,Ramkumar,,Rajendran
851,Gautam,,Biswas
852,Mahmod,,Okasha
853,Adel,Alsaeid,Elbanna
865,Mark,,Warner
866,Andreas,,Gutmann
867,Angela,,Sasse
868,Ann,,Blandford
881,William,Berkley,Easley
882,Foad,,Hamidi
883,Wayne,G,Lutters
884,Amy,,Hurst
897,Kate,,Yen
898,Yeqi,,Chen
899,Yi,,Cheng
900,Sijin,,Chen
901,Ying-Yu,,Chen
902,Yiran,,Ni
903,Alexis,,Hiniker
929,Eric,P. S.,Baumer
930,Rui,,Sun
931,Peter,,Schaedler
945,Hannah,RM,Pelikan
946,amy,,cheatle
947,Malte,F,Jung
961,Tom,,Wilson
962,Kaitlyn,,Zhou
963,Kate,,Starbird
977,Geza,,Kovacs
978,Zilin,,Ma
979,Zhengxuan,,Wu
980,Michael,,Bernstein
993,Jevan,A,Hutson
994,Jessie,G,Taft
995,Solon,,Barocas
996,Karen,EC,Levy
1009,Nazanin,,Andalibi
1010,Margaret,E,Morris
1011,Andrea,,Forte
1025,Mike,,Schaekermann
1027,Kate,,Larson
1041,Vaishnav,,Kameswaran
1042,Jatin,,Gupta
1043,Joyojeet,,Pal
1044,Sile,,O'Modhrain
1045,Tiffany,,Veinot
1046,Robin,N.,Brewer
1047,Aakanksha,,Parameshwar
1048,Vidhya,,Y
1049,Jacki,,O'Neill
1057,Dan,,Davis
1058,Claudia,,Hauff
1059,Geert-Jan,,Houben
1073,Kunal,,Relia
1074,Mohammad,,Akbari
1075,Dustin,,Duncan
1076,Rumi,,Chunara
1089,Charles,Anthony,Kiene
1090,Aaron,,Shaw
1091,Benjamin Mako,,Hill
1105,Poorna,,Talkad Sukumar
1106,Ronald,,Metoyer
1107,Shuai,,He
1121,David,,Unbehaun
1122,Konstantin,,Aal
1123,Daryoush Daniel,,Vaziri
1124,Rainer,,Wieching
1125,Peter,,Tolmie
1126,Volker,,Wulf
1137,Miki,,Liu
1138,AUSTIN,,WONG
1139,Ruhi,,Pudipeddi
1140,Betty,,Hou
1141,David,,Wang
1142,Gary,,Hsieh
1153,Emilia,F.,Gan
1155,Sayamindu,,Dasgupta
1169,Ahmer,,Arif
1170,Leo,Graiden,Stewart
1185,Mairieli,,Wessel
1186,Bruno,,Mendes de Souza
1187,Igor,,Steinmacher
1188,Igor Scaliante,,Wiese
1189,Ivanilton,,Polato
1190,Ana Paula,,Chaves
1191,Marco Aurelio,,Gerosa
1201,Simone,,Lanette
1202,Phoebe,K.,Chua
1203,Gillian,,Hayes
1204,Melissa,,Mazmanian
1217,Emily,Q.,Wang
1218,Anne Marie,,Piper
1233,Kinga,H.,Skorupska
1234,Manuel,Antonio,Nunez
1235,Wieslaw,,Kopec
1236,Radosław,,Nielek
1249,Ben,Rydal,Shapiro
1250,Rogers,,Hall
1265,Jinyoung,,Kim
1266,Andrew,,Gambino
1267,S. Shyam,,Sundar
1268,Mary Beth,,Rosson
1269,Chulakorn,,Aritajati
1270,Jun,,Ge
1271,Christine,,Fanning
1281,Charles,,Lovering
1282,Anqi,,Lu
1283,Cuong,,Nguyen
1284,Huyen,,Nguyen
1285,David,,Hurley
1286,Emmanuel,,Agu
1297,Amy,,Zhang
1298,Justin,,Cranshaw
1313,Lev,,Poretski
1314,Joel,,Lanir
1315,Ofer,,Arazy
1329,Jane,,Im
1331,Christopher,,Schilling
1332,David,,Karger
1345,Ziming,,Wu
1346,Zhida,,Sun
1347,Taewook,,Kim
1348,Manuele,,Reani
1349,Caroline,,Jay
1363,Kyle,,Montague
1364,Philip,,James
1377,Tal,,August
1379,Chenhao,,Tan
1380,Noah,,Smith
1393,Yue,,Yin
1394,Itai,,Gurvich
1395,Stephanie,,Mcreynolds
1396,Debora,H,Seys
1397,Jan,A.,Van Mieghem
1409,Julia,,Woodward
1410,Shaghayegh,,Esmaeili
1411,Ayushi,,Jain
1412,John,,Bell
1413,Jaime,,Ruiz
1414,Lisa,,Anthony
1425,Maia,,Jacobs
1426,Jeremy,,Johnson
1427,Elizabeth,,Mynatt
1441,Robert,,Soden
1442,Austin,,Lord
1457,Mania,,Orand
1458,Abbas,,Ganji
1459,David,W.,McDonald
1473,Chunyang,,Chen
1474,Xi,,Chen
1475,Jiamou,,Sun
1476,Zhenchang,,Xing
1477,Guoqiang,,Li
1489,Ayse G.,,Buyuktur
1490,Pei-Yao,,Hung
1491,Mark W.,,Newman
1492,Mark S.,,Ackerman
1505,Amanda,,Lazar
1506,Hilaire,,Thompson
1507,Shih-Yin,,Lin
1508,George,,Demiris
1521,Sebastian,,Deri
1522,Jeremie,,Rappaz
1523,Luca Maria,,Aiello
1524,Daniele,,Quercia
1537,Galen,,Panger
1553,Miriam,,Redi
1555,Rossano,,Schifanella
1569,Laura R.,,Pina
1570,Carmen,,Gonzalez
1571,Carolina,,Nieto
1572,Wendy,,Roldan
1573,Edgar,,Onofre
1574,Jason,,Yip
1585,Morgan,Klaus,Scheuerman
1601,Celia,,Durkin
1602,Federico,,Rossano
1603,Scott,,Klemmer
1617,Umashanthi,,Pavalanathan
1618,Xiaochuang,,Han
1619,Jacob,,Eisenstein
1633,Thilina,,Halloluwa
1634,Hakim,,Usoof
1635,Dhaval,,Vyas
1649,Julie,,Hui
1650,Kentaro,,Toyama
1665,Steve,,Oney
1666,Christopher,,Brooks
1667,Paul,,Resnick
1681,Emily,M.,Hastings
1682,Farnaz,,Jahanbakhsh
1684,Darko,,Marinov
1697,Daniel,,Berenberg
1698,James,,Bagrow
1713,Yong Ming,,Kow
1714,Waikuen,,Cheng
1729,Devin,,Soni
1730,Vivek,K,Singh
1745,Fengli,,Xu
1746,Guozhen,,Zhang
1747,Zhilong,,Chen
1748,Jiaxin,,Huang
1749,Yong,,Li
1750,Diyi,,Yang
1751,Ben,Y.,Zhao
1752,Fanchao,,Meng
1761,Rafal,,Kocielnik
1763,Jonathan,T,Morgan
1764,Dario,,Taraborelli
1777,Mei-Ling,,Chen
1778,Naomi,,Yamashita
1779,Hao-Chuan,,Wang
1793,Niloufar,,Salehi
1809,Suman Kalyan,,Maity
1810,Aishik,,Chakraborty
1811,Pawan,,Goyal
1812,Animesh,,Mukherjee
1826,Nassim,,Jafarinaimi
1827,Mehrab,,Bin Morshed
1842,Nicola,,Dell
1857,Elizabeth,,Murnane
1858,Tara,,Walker
1859,Beck,,Tench
1860,Stephen,,Voida
1861,Jaime,,Snyder
1873,Chi-Lan,,Yang
1874,Chien Wen (Tina),,Yuan
1889,Ioanna,,Lykourentzou
1890,Faez,,Ahmed
1891,Costas,,Papastathis
1892,Irwyn,,Sadien
1893,Konstantinos,,Papangelis
1905,Alexander,,Nolte
1906,Ei Pa Pa,,Pe-Than
1907,Anna,,Filippova
1908,Christian,,Bird
1909,Steve,,Scallen
1910,James D.,,Herbsleb
1921,Roberto,,Martinez-Maldonado
1922,Lucila,,Carvalho
1923,Peter,,Goodyear
1937,Evgeny,,Krivosheev
1938,Fabio,,Casati
1939,Marcos,,Baez
1940,boualem,,Benatallah
1953,Srihari,,Hulikal Muralidhar
1954,Claus,,Bossen
1955,Apurv,,Mehra
1969,Shuyi,,Song
1970,Jiajun,,Bu
1971,Andreas,,Artmeier
1972,Keyue,,Shi
1973,Ye,,Wang
1974,Zhi,,Yu
1975,Can,,Wang
1985,Adriana,,Alvarado Garcia
1986,Christopher,A,Le Dantec
2001,Pedro,,Sanches
2017,Yoonjeong,,Cha
2018,Jongwon,,Kim
2020,Mun,Yong,Yi
2033,Santawat,,Thanyadit
2034,Parinya,,Punpongsanon
2035,Ting-Chuen,,Pong
2049,Luca,,Pascarella
2050,Davide,,Spadini
2051,Fabio,,Palomba
2052,Magiel,,Bruntink
2053,Alberto,,Bacchelli
2065,Joel,,Chan
2066,Joseph Chee,,Chang
2067,Tom,,Hope
2068,Dafna,,Shahaf
2069,Aniket,,Kittur
2082,Colin,M.,Gray
2097,Maria,,Glenski
2099,Tim,,Weninger
2113,Petr,,Slovak
2114,Nikki,,Theofanopoulou
2115,Alessia,,Cecchet
2116,Peter,S,Cottrell
2117,Ferran,,Altarriba Bertran
2118,Ella,,Dagan
2119,Julian,,Childs
2120,Katherine,,Isbister
2129,Lynn,,Dombrowski
2130,Alyson L.,,Young
2131,Andrew,D,Miller
2145,Shan,,Jiang
2146,Christo,,Wilson
2161,Matt,,Germonprez
2162,Georg J.P.,,Link
2163,Kevin,,Lumbard
2164,Sean,,Goggins
2177,Minhyang (Mia),,Suh
2178,Frank,,Bentley
2179,Danielle,,Lottridge
2193,Thomas,,Ludwig
2194,Volkmar,,Pipek
2195,Peter,David,Tolmie
2209,Anupriya,,Tuli
2210,Shaan,,Chopra
2212,Pushpendra,,Singh
2225,Joseph,,Seering
2226,Juan Pablo,,Flores
2227,Saiph,,Savage
2228,Jessica,,Hammer
2241,Sumit,,Asthana
2242,Aaron,,Halfaker
2257,Shuo,,Zhang
2259,Qin,,Lv
2273,Lillian,,Yang
2274,Carman,,Neustaedter
2289,Justine,,Zhang
2290,Cristian,,Danescu-Niculescu-Mizil
2291,Christy,,Sauper
2292,Sean,,Taylor
2305,Kirstin,,Early
2307,Megan,,Hofmann
2308,Jennifer,,Rode
2309,Anna,,Wong
2310,Jennifer,,Mankoff
2321,Viktor,,Hargitai
2322,Irina,,Shklovski
2323,Andrzej,,Wąsowski
2337,Eshwar,,Chandrasekharan
2338,Mattia,,Samory
2339,Shagun,,Jhaver
2340,Hunter,,Charvat
2341,Amy,,Bruckman
2342,Cliff,,Lampe
2344,Eric,,Gilbert
2370,Brennan,,Jones
2372,Samarth,,Singhal
2386,Michael,,Muller
2387,Nazareno,,Andrade
2401,Fabio,,Calefato
2402,Giuseppe,,Iaffaldano
2403,Federico,,Maiorano
2404,Filippo,,Lanubile
2417,Andrea,,Thomer
2418,Michael,Bernard,Twidale
2419,Matthew J.,,Yoder
2433,Jessica,,Feuston
2449,Sang Won,,Lee
2450,Rebecca,,Krosnick
2451,Sun Young,,Park
2452,Brandon,,Keelean
2453,Sach,,Vaidya
2454,Stephanie,D.,O'Keefe
2455,Walter,S,Lasecki
2465,Hanlin,,Li
2466,Bodhi,,Alarcon
2467,Sara,,Milkes Espinosa
2481,James,,Pierce
2482,Sarah,,Fox
2483,Nick,,Merrill
2484,Richmond,Y.,Wong
2497,Gilly,,Leshed
2498,Masha,,Rosca
2499,Michael,,Huang
2500,Liza,Olivia,Mansbach
2501,Yicheng,,Zhu
2502,Juan Nicolás,,Hernández-Aguilera
2513,Harmanpreet,,Kaur
2514,Alex,C,Williams
2515,Anne,,Thompson
2517,Shamsi,,Iqbal
2518,Jaime,,Teevan
2529,Yao,,Li
2531,Je Seok,,Lee
2532,Alfred,,Kobsa
2545,Eugenia,Ha Rim,Rho
2546,Gloria,,Mark
2564,Heng,,Xu
2577,Rosemary,,Steup
2578,Arvind,,Santhanam
2579,Marisa,,Logan
2593,Serena,,Zheng
2594,Noah,,Apthorpe
2596,Nick,,Feamster
2609,Christine,,Wolf
2610,Kathryn,,Ringland
2611,Isley,,Gao
2612,Paul,,Dourish
2625,Haiyi,,Zhu
2626,Bowen,,Yu
2628,Loren,,Terveen
2641,Gabriele,,D'Angelo
2642,Angelo,,Di Iorio
2643,Stefano,,Zacchiroli
2657,Chun-Wei,,Chiang
2658,Anna,,Kasunic
2673,Himanshu,,Zade
2707,Katie,,Pine
2722,Tanushree,,Mitra
2737,Andrew,,Hall
2754,Felicia,,Ng
2755,Zheng,,Yao
2756,Geoff,,Kaufman
2769,Eaman,,Jahani
2770,Peter,,Krafft
2771,Yoshihiko,,Suhara
2772,Esteban,,Moro Egido
2773,Alex,,Pentland
2785,Brian,James,McInnis
2786,Xiaotong,,Xu
2787,Steven,,Dow
2803,Dan,,Cosley
2817,Ryan,J.,Compton
2818,Jeff,,Warshaw
2819,Hernan,,Badenes
2820,Barton,,Smith
2821,Steve,,Whittaker
2834,Leysia,,Palen
2849,Mayara,,Costa Figueiredo
2850,Clara,,Caldeira
2851,Elizabeth,Victoria,Eikey
2865,Zhan,,Zhang
2866,Aleksandra,,Sarcevic
2881,Aakash,,Gautam
2882,Chandani,,Shrestha
2883,Deborah,,Tatar
2884,Steve,,Harrison
2897,Hannah,,Miller Hillberg
2898,Zachary,,Levonian
2899,Daniel,,Kluver
2913,Jennifer,Jiyoung,Suh
2914,Miriam,,Metzger
2915,Scott,,Reid
2916,Amr,,El Abbadi
2929,Ronald,E,Robertson
2931,Kenneth,,Joseph
2932,Lisa,,Friedland
2933,David,,Lazer
2945,Marius,,Mikalsen
2946,Eric,,Monteiro
